{
  "slides/chapter_1_0239f569a5f24fe2e17551364b65f3ff.md": [
    {
      "timing": 0,
      "state": {
        "indexh": 0,
        "indexf": -1
      }
    },
    {
      "timing": 0.0547259309969898,
      "state": {
        "indexh": 0,
        "indexf": 0
      }
    },
    {
      "timing": 0.2359329500951384,
      "state": {
        "indexh": 1,
        "indexf": -1
      }
    },
    {
      "timing": 0.4795017769231544,
      "state": {
        "indexh": 1,
        "indexf": 0
      }
    }
  ]
}